policy_number,a_amount_rein,a_number_rein,e_amount_rein,e_number_rein
335497756,0.0,0.0,4730.235616438356,6.757479452054795E-4
336560347,0.0,0.0,0.0,0.0
339571598,0.0,0.0,5489.959839954301,7.336547945205479E-4
342684461,0.0,0.0,10947.945205479453,2.280821917808219E-4
336635958,0.0,0.0,0.0,0.0
344560776,0.0,0.0,0.0,0.0
339831885,0.0,0.0,3457.3150684931506,4.3216438356164384E-4
339931487,0.0,0.0,234.39452054794518,7.813150684931507E-5
340313204,0.0,0.0,3809.841095890411,4.762301369863014E-4
603475112,0.0,0.0,0.0,0.0
338456189,0.0,0.0,5592.021917808219,6.990027397260274E-4
340853688,0.0,0.0,12720.553424657537,9.785041095890412E-4
342272051,0.0,0.0,0.0,0.0
344814306,0.0,0.0,5089.7095890410965,6.362136986301371E-4
338713712,0.0,0.0,4698.205479452054,0.0015660684931506847
338829104,0.0,0.0,0.0,0.0
346207251,0.0,0.0,3521.753424657534,4.402191780821918E-4
343597316,0.0,0.0,0.0,0.0
348881376,0.0,0.0,775.2767123287671,9.690958904109589E-5
600453930,0.0,0.0,0.0,0.0
336946322,0.0,0.0,20126.15890410959,0.002515769863013699
339429011,0.0,0.0,805.8082191780823,2.686027397260274E-4
341612554,0.0,0.0,1859.4739726027397,6.198246575342466E-4
343181392,0.0,0.0,449.0630136986302,1.4968767123287673E-4
343552493,0.0,0.0,5033.087671232877,0.0016776958904109588
344751847,0.0,0.0,31.84657534246575,3.980821917808219E-6
345624886,0.0,0.0,534.0575342465753,1.7801917808219178E-4
346696578,0.0,0.0,0.0,0.0
574170858,0.0,0.0,0.0,0.0
601974488,0.0,0.0,0.0,0.0
603066747,0.0,0.0,0.0,0.0
336671078,0.0,0.0,8103.353424657536,4.501863013698631E-4
338413321,0.0,0.0,4427.309589041097,5.53413698630137E-4
339836934,0.0,0.0,5601.649315068493,5.334904109589041E-4
340488162,0.0,0.0,968.1863013698629,3.227287671232877E-4
341924272,0.0,0.0,5250.279452054795,6.562849315068493E-4
342168952,0.0,0.0,14232.328767123288,0.0017790410958904111
342614328,0.0,0.0,44.05479452054795,5.506849315068493E-6
345216188,0.0,0.0,7742.202739726027,9.677753424657534E-4
341921070,0.0,0.0,3333.6109589041102,4.1670136986301376E-4
341992329,0.0,0.0,255.51780821917816,5.110356164383562E-4
574335493,0.0,0.0,0.0,0.0
601566292,0.0,0.0,0.0,0.0
602206708,0.0,0.0,0.0,0.0
574192613,0.0,0.0,7004.712328767123,8.755890410958904E-4
601692106,0.0,0.0,0.0,0.0
335516951,0.0,0.0,1738.695890410959,2.1733698630136986E-4
351684147,0.0,0.0,5983.649315068494,7.479561643835617E-4
336824511,0.0,0.0,573.813698630137,1.9127123287671232E-4
338704398,0.0,0.0,2766.6410958904107,3.4583013698630136E-4
340880715,0.0,0.0,17762.89315068493,9.86827397260274E-4
341194066,0.0,0.0,4742.13698630137,5.927671232876712E-4
341855864,0.0,0.0,69.04109589041096,2.3013698630136985E-5
336901889,0.0,0.0,0.0,0.0
338501943,0.0,0.0,1068.008219178082,3.560027397260274E-4
338925969,0.0,0.0,1195.3534246575343,2.1733698630136986E-4
347664880,0.0,0.0,24.09041095890411,8.030136986301369E-6
336134200,0.0,0.0,3692.712328767123,4.615890410958904E-4
603226408,0.0,0.0,0.0,0.0
337862171,0.0,0.0,1670.0547945205476,5.566849315068493E-4
340890474,0.0,0.0,3881.3013698630134,0.0012937671232876712
335611596,0.0,0.0,1173.6986301369861,2.934246575342466E-4
342644192,0.0,0.0,652.1753424657536,2.1739178082191783E-4
342991809,0.0,0.0,8540.580821917807,0.0010675726027397259
337224273,0.0,0.0,15497.424657534246,1.5813698630136986E-4
345853683,0.0,0.0,1190.1369863013697,1.487671232876712E-4
339801086,0.0,0.0,11017.336986301369,0.0013771671232876712
340270149,0.0,0.0,786.4109589041096,9.83013698630137E-5
342331873,0.0,0.0,2113.8164383561643,2.3486849315068495E-4
343443339,0.0,0.0,3477.391780821918,4.346739726027397E-4
337530224,0.0,0.0,2719.5397260273976,3.399424657534247E-4
338681315,0.0,0.0,1488.082191780822,4.960273972602741E-4
340684547,0.0,0.0,0.0,0.0
350671830,0.0,0.0,3928.8986301369864,0.0013096328767123288
350870143,0.0,0.0,0.0,0.0
345191993,0.0,0.0,3725.983561643836,4.6574794520547945E-4
348878984,0.0,0.0,0.0,0.0
349684043,0.0,0.0,9664.695745966903,0.0010190904109589041
336952791,0.0,0.0,0.0,0.0
337023683,0.0,0.0,3266.0958904109593,2.969178082191781E-4
337908230,0.0,0.0,2786.279452054795,3.4828493150684933E-4
340111087,0.0,0.0,290.46575342465746,9.682191780821917E-5
342359007,0.0,0.0,2795.030136986301,9.316767123287671E-4
342945250,0.0,0.0,501.1232876712329,3.854794520547945E-5
343027579,0.0,0.0,0.0,0.0
343812806,0.0,0.0,10789.041095890409,0.0013486301369863012
347804171,0.0,0.0,6071.301369863013,0.002023767123287671
347983892,0.0,0.0,1117.2,3.724E-4
574425641,0.0,0.0,3963.4520547945212,0.001321150684931507
601081300,0.0,0.0,0.0,0.0
603815341,0.0,0.0,0.0,0.0
335466041,0.0,0.0,4159.175342465753,0.0013863917808219176
335614467,0.0,0.0,405.9616438356164,1.3532054794520548E-4
336701859,0.0,0.0,0.0,0.0
336938998,0.0,0.0,5191.39774520548,6.43654794520548E-4
341146561,0.0,0.0,1272.4273972602741,4.2414246575342467E-4
341452365,0.0,0.0,8870.13698630137,0.0011087671232876712
342788452,0.0,0.0,2338.619178082192,7.795397260273973E-4
351369830,0.0,0.0,0.0,0.0
346225097,0.0,0.0,275.013698630137,2.6191780821917808E-5
573616307,0.0,0.0,0.0,0.0
603743394,0.0,0.0,0.0,0.0
573995438,0.0,0.0,0.0,0.0
601413032,0.0,0.0,0.0,0.0
603563636,0.0,0.0,0.0,0.0
604069252,0.0,0.0,0.0,0.0
337539209,0.0,0.0,11819.169863013698,0.003939723287671232
339252215,0.0,0.0,0.0,0.0
341241867,0.0,0.0,8264.794520547946,6.357534246575343E-4
341382695,0.0,0.0,1515.8958904109586,5.052986301369863E-4
341590495,0.0,0.0,505.2986301369862,1.6843287671232875E-4
341727188,0.0,0.0,3889.857534246575,0.0012966191780821917
335784724,0.0,0.0,21639.74794520548,0.0012022082191780823
335847695,0.0,0.0,148.82191780821918,1.8602739726027397E-5
336705785,0.0,0.0,0.0,0.0
336974613,0.0,0.0,769.8682153101199,0.0020223123287671234
342278959,0.0,0.0,0.0,0.0
340470962,0.0,0.0,9703.189041095891,0.0012128986301369864
341152791,0.0,0.0,3469.3150684931497,0.0011564383561643834
342580719,0.0,0.0,489.64109589041095,1.63213698630137E-4
342937497,0.0,0.0,0.0,0.0
343211520,0.0,0.0,4192.767123287671,0.0013975890410958904
343889879,0.0,0.0,806.8119157360923,2.3934246575342465E-4
344203898,0.0,0.0,1509.041095890411,1.8863013698630139E-4
343441838,0.0,0.0,68.51506849315066,1.712876712328767E-5
350093258,0.0,0.0,8878.334246575341,0.0011097917808219177
336316500,0.0,0.0,0.0,0.0
337294169,0.0,0.0,2858.8767123287676,9.52958904109589E-4
337517833,0.0,0.0,2078.290410958904,2.59786301369863E-4
336493978,0.0,0.0,0.0,0.0
336541180,0.0,0.0,3369.205479452055,0.001123068493150685
336611504,0.0,0.0,18057.534246575346,0.001389041095890411
338108418,0.0,0.0,11.942465753424656,3.980821917808219E-6
338178601,0.0,0.0,2918.8627397260275,3.603534246575343E-4
340918366,0.0,0.0,7046.136986301371,8.807671232876713E-4
336178835,0.0,0.0,158.5972602739726,5.286575342465753E-5
337789366,0.0,0.0,2701.117808219179,9.003726027397262E-4
338180110,0.0,0.0,0.0,0.0
346050909,0.0,0.0,33251.769863013695,0.004156471232876712
346469265,0.0,0.0,0.0,0.0
338362932,0.0,0.0,2039.1287671232874,6.797095890410959E-4
342258902,0.0,0.0,0.0,0.0
335605374,0.0,0.0,0.0,0.0
341635258,0.0,0.0,234.24657534246575,7.808219178082191E-5
344416771,0.0,0.0,1448.9863013698628,1.8112328767123286E-4
344520655,0.0,0.0,258.3960547945205,3.1132054794520545E-4
346870462,0.0,0.0,0.0,0.0
574238747,0.0,0.0,0.0,0.0
574760443,0.0,0.0,0.0,0.0
603152315,0.0,0.0,0.0,0.0
603469958,0.0,0.0,0.0,0.0
603676834,0.0,0.0,0.0,0.0
338911670,0.0,0.0,2436.1643835616437,8.120547945205479E-4
338941743,0.0,0.0,0.0,0.0
339255457,0.0,0.0,40546.93698630137,0.005068367123287671
339357964,0.0,0.0,1561.4383561643835,5.204794520547945E-4
340830322,0.0,0.0,285.6767123287671,3.570958904109589E-5
342263167,0.0,0.0,0.0,0.0
343223699,0.0,0.0,4464.657534246575,5.580821917808219E-4
343440715,0.0,0.0,7141.293776958904,0.0013849150684931508
344832084,0.0,0.0,3542.9794520547944,6.215753424657534E-4
575262811,0.0,0.0,5285.5232876712325,6.606904109589041E-4
603705278,0.0,0.0,9.022740821917807,8.120547945205479E-5
337636674,0.0,0.0,3984.8027397260266,3.0652328767123287E-4
338482359,0.0,0.0,1090.849315068493,3.636164383561644E-4
338516693,0.0,0.0,0.0,0.0
338823834,0.0,0.0,890.4493150684933,2.968164383561644E-4
339795395,0.0,0.0,2345.9178082191784,7.819726027397261E-4
340198563,0.0,0.0,0.0,0.0
341344661,0.0,0.0,1225.0520547945205,4.0835068493150683E-4
341479319,0.0,0.0,7444.136986301371,7.44413698630137E-4
341479319,0.0,0.0,636.9315068493152,6.369315068493151E-5
342554185,0.0,0.0,1530.9479452054793,5.467671232876712E-5
342766151,0.0,0.0,0.0,0.0
345869028,0.0,0.0,3111.452054794521,3.889315068493151E-4
341570018,0.0,0.0,1280.7315068493153,2.3286027397260276E-4
341872257,0.0,0.0,598.7835616438358,1.9959452054794523E-4
342873635,0.0,0.0,3347.309589041096,1.8596164383561644E-4
344264866,0.0,0.0,0.0,0.0
347030108,0.0,0.0,0.0,0.0
343890042,0.0,0.0,10184.854794520546,0.0012731068493150683
348844655,0.0,0.0,45.676712328767124,5.70958904109589E-6
350888798,0.0,0.0,33088.241095890415,0.0030080219178082197
344535919,0.0,0.0,0.0,0.0
574330882,0.0,0.0,0.0,0.0
574380705,0.0,0.0,766.504109589041,2.555013698630137E-4
602370330,0.0,0.0,0.0,0.0
338674294,0.0,0.0,9165.501369863014,0.003055167123287671
340046721,0.0,0.0,0.0,0.0
337841282,0.0,0.0,0.0,0.0
338172935,0.0,0.0,1238.9424657534246,4.1298082191780825E-4
338623291,0.0,0.0,4969.775342465753,0.001656591780821918
341681708,0.0,0.0,6615.030821917808,0.0022050102739726027
342551447,0.0,0.0,2416.4383561643835,8.054794520547945E-4
323582940,0.0,0.0,0.0,0.0
342846003,0.0,0.0,5728.438356164383,7.160547945205479E-4
335568119,0.0,0.0,0.0,0.0
336099965,0.0,0.0,1643.1780821917807,5.477260273972602E-4
336678149,0.0,0.0,0.0,0.0
351262126,0.0,0.0,0.0,0.0
603379488,0.0,0.0,0.0,0.0
335597100,0.0,0.0,525.6986301369864,1.7523287671232876E-4
339698425,0.0,0.0,4308.164383561644,5.385205479452055E-4
335590493,0.0,0.0,0.0,0.0
336714159,0.0,0.0,2797.7095890410956,9.325698630136985E-4
337967814,0.0,0.0,2968.643835616438,9.895479452054793E-4
345425193,0.0,0.0,6977.17808219178,0.0023257260273972604
345669394,0.0,0.0,0.0,0.0
339090326,0.0,0.0,1038.9945205479453,3.463315068493151E-4
339454480,0.0,0.0,2862.6369863013697,5.204794520547945E-4
346376353,0.0,0.0,1615.6109589041098,5.385369863013698E-4
339801698,0.0,0.0,33.04109589041096,1.1013698630136987E-5
341736007,0.0,0.0,1311.780821917808,4.372602739726027E-4
337611560,0.0,0.0,0.0,0.0
337633481,0.0,0.0,359.0136986301369,1.1967123287671233E-4
340989581,0.0,0.0,6375.539726027398,7.969424657534247E-4
342385796,0.0,0.0,1850.3013698630136,6.167671232876711E-4
343600656,0.0,0.0,0.0,0.0
351065578,0.0,0.0,2961.4027397260274,3.7017534246575344E-4
574814224,0.0,0.0,0.0,0.0
601327356,0.0,0.0,0.0,0.0
325539260,0.0,0.0,1659.7479452054795,2.0746849315068493E-4
346466113,0.0,0.0,0.0,0.0
338900293,0.0,0.0,1970.13698630137,6.567123287671233E-4
341393486,0.0,0.0,0.0,0.0
342166741,0.0,0.0,220.93150684931516,4.418630136986301E-4
342166741,0.0,0.0,285.90958904109584,5.718191780821917E-4
342540309,0.0,0.0,15851.26575342466,9.32427397260274E-4
342632882,0.0,0.0,2440.6794520547946,3.050849315068493E-4
344250352,0.0,0.0,0.0,0.0
344504147,0.0,0.0,0.0,0.0
346306004,0.0,0.0,0.0,0.0
347581654,0.0,0.0,9286.487671232879,0.0011608109589041097
600521736,0.0,0.0,0.0,0.0
602179921,0.0,0.0,0.0,0.0
602333585,0.0,0.0,0.0,0.0
602376766,0.0,0.0,0.0,0.0
338515307,0.0,0.0,1285.2493150684932,4.284164383561644E-4
338745631,0.0,0.0,2237.457534246575,2.796821917808219E-4
338753239,0.0,0.0,504.38767123287664,9.170684931506849E-5
338785579,0.0,0.0,393.9616438356165,1.313205479452055E-4
340649508,0.0,0.0,1839.139726027397,6.130465753424657E-4
340816594,0.0,0.0,2054.92602739726,6.849753424657533E-4
341675601,0.0,0.0,4824.602739726027,3.7112328767123287E-4
344203856,0.0,0.0,1505.0712328767127,5.016904109589041E-4
349377424,0.0,0.0,0.0,0.0
346219660,0.0,0.0,2694.92602739726,3.368657534246575E-4
336249974,0.0,0.0,6343.561643835617,7.929452054794521E-4
336965074,0.0,0.0,10250.613698630139,0.0034168712328767124
338905458,0.0,0.0,9488.539726027397,0.003162846575342466
339147449,0.0,0.0,3811.0684931506858,2.117260273972603E-4
339858458,0.0,0.0,3046.750684931507,3.8084383561643836E-4
340890318,0.0,0.0,704.6054794520549,2.3486849315068495E-4
341836443,0.0,0.0,331.84931506849307,6.636986301369863E-4
336446299,0.0,0.0,0.0,0.0
336776851,0.0,0.0,0.0,0.0
337429260,0.0,0.0,0.0,0.0
337523237,0.0,0.0,6931.504109589043,0.002310501369863014
339849093,0.0,0.0,4667.178082191782,0.0015557260273972604
341299642,0.0,0.0,0.0,0.0
341643294,0.0,0.0,9703.189041095891,0.0012128986301369864
351375241,0.0,0.0,17249.523287671233,9.583068493150684E-4
337963680,0.0,0.0,4022.66301369863,5.028328767123288E-4
339298598,0.0,0.0,4487.671232876713,0.001495890410958904
340684810,0.0,0.0,3392.219178082192,0.0011307397260273972
342641099,0.0,0.0,3301.8082191780823,4.127260273972603E-4
336224886,0.0,0.0,2154.0821917808216,7.180273972602739E-4
336801006,0.0,0.0,0.0,0.0
338962541,0.0,0.0,5026.191780821918,0.0016753972602739726
346176365,0.0,0.0,1378.158904109589,4.5938630136986303E-4
340454156,0.0,0.0,34.19178082191781,4.273972602739726E-6
340827088,0.0,0.0,751.8684931506849,9.398356164383562E-5
341240430,0.0,0.0,0.0,0.0
341641306,0.0,0.0,0.0,0.0
341663334,0.0,0.0,2157.808219178082,2.697260273972602E-4
342382264,0.0,0.0,557.0410958904113,0.0011140821917808219
343432472,0.0,0.0,0.0,0.0
337751499,0.0,0.0,1145.4246575342463,3.818082191780822E-4
338796345,0.0,0.0,7002.279452054795,8.752849315068493E-4
337429823,0.0,0.0,8310.860273972603,0.0010388575342465754
339030926,0.0,0.0,1181.8849315068492,3.939616438356164E-4
344573365,0.0,0.0,743.2767123287671,9.290958904109589E-5
354635401,0.0,0.0,6220.756164383562,0.0011310465753424659
349303727,0.0,0.0,1678.6410958904107,2.0983013698630136E-4
350007803,0.0,0.0,99.94520547945204,1.2493150684931506E-5
350975298,0.0,0.0,867.3287671232874,2.8910958904109586E-4
351797360,0.0,0.0,0.0,0.0
574250239,0.0,0.0,0.0,0.0
602931941,0.0,0.0,0.0,0.0
336658554,0.0,0.0,703.1835616438357,2.3439452054794524E-4
338554090,0.0,0.0,1369.4027397260274,1.7117534246575343E-4
339382491,0.0,0.0,1193.7205479452055,3.979068493150685E-4
340233360,0.0,0.0,8232.339726027398,7.483945205479452E-4
342566841,0.0,0.0,918.7890410958905,3.0626301369863015E-4
343541157,0.0,0.0,3810.1753424657527,2.930904109589041E-4
346037401,0.0,0.0,0.0,0.0
347285793,0.0,0.0,0.0,0.0
574699542,0.0,0.0,0.0,0.0
602147506,0.0,0.0,0.0,0.0
602684383,0.0,0.0,0.0,0.0
336189469,0.0,0.0,0.0,0.0
339481541,0.0,0.0,0.01224456109048333,0.011131419178082191
339673949,0.0,0.0,0.0,0.0
341926830,0.0,0.0,4384.9643835616425,5.481205479452054E-4
341987725,0.0,0.0,3372.164383561644,0.001124054794520548
342680766,0.0,0.0,0.0,0.0
342902012,0.0,0.0,13923.287671232876,0.0017404109589041095
343052569,0.0,0.0,1760.54794520548,2.2006849315068497E-4
344416250,0.0,0.0,0.0,0.0
345204549,0.0,0.0,187.7095890410959,6.256986301369863E-5
341519973,0.0,0.0,2083.5068493150684,2.6043835616438357E-4
341570893,0.0,0.0,1041.5342465753424,3.471780821917808E-4
343554861,0.0,0.0,662.7945205479452,8.284931506849315E-5
349762872,0.0,0.0,0.0,0.0
344836689,0.0,0.0,231.28767123287673,7.70958904109589E-5
323776195,0.0,0.0,3673.6684931506848,0.0012245561643835616
346445737,0.0,0.0,46.99178082191781,5.873972602739726E-6
600974398,0.0,0.0,0.0,0.0
347439358,0.0,0.0,0.0,0.0
602864274,0.0,0.0,0.0,0.0
574052247,0.0,0.0,0.0,0.0
574079455,0.0,0.0,1139.3424657534244,3.797808219178082E-4
602611253,0.0,0.0,0.0,0.0
602999492,0.0,0.0,241.02980753424663,2.41027397260274E-4
335744124,0.0,0.0,124.93150684931504,2.4986301369863014E-4
335811279,0.0,0.0,1548.4931506849314,1.9356164383561644E-4
335849006,0.0,0.0,7264.191780821917,0.002421397260273972
335882031,0.0,0.0,0.0,0.0
338610819,0.0,0.0,425.5972602739725,1.418657534246575E-4
339124661,0.0,0.0,0.0,0.0
339534661,0.0,0.0,5696.043835616438,1.498958904109589E-4
341476281,0.0,0.0,553.4794520547945,1.5813698630136986E-4
341480598,0.0,0.0,0.0,0.0
336324777,0.0,0.0,375.4191780821918,1.2513972602739727E-4
342095189,0.0,0.0,1948.9315068493152,6.496438356164383E-4
338958416,0.0,0.0,748.6027397260275,9.357534246575343E-5
339732687,0.0,0.0,23774.301369863013,0.0013207945205479452
341587988,0.0,0.0,7627.046575342467,9.533808219178083E-4
342009008,0.0,0.0,4593.928767123288,5.74241095890411E-4
342094232,0.0,0.0,1087.1917808219177,0.002174383561643836
342191558,0.0,0.0,0.0,0.0
323592717,0.0,0.0,875.1780821917807,1.093972602739726E-4
343308748,0.0,0.0,5198.465753424658,0.0017328219178082192
336337456,0.0,0.0,7463.304109589041,7.856109589041095E-4
336586391,0.0,0.0,0.0,0.0
602819484,0.0,0.0,0.0,0.0
336477658,0.0,0.0,16442.008219178082,0.0012647698630136987
336616446,0.0,0.0,0.0,0.0
339002388,0.0,0.0,1305.0410958904108,4.3501369863013697E-4
346931454,0.0,0.0,0.0,0.0
341413094,0.0,0.0,1556.2356164383561,5.187452054794521E-4
341623593,0.0,0.0,355.66027397260274,1.1855342465753424E-4
341725729,0.0,0.0,371.6383561643835,1.238794520547945E-4
341826642,0.0,0.0,1253.9589041095892,4.17986301369863E-4
341983138,0.0,0.0,2012.0547945205478,6.706849315068493E-4
342531258,0.0,0.0,9920.175342465755,0.0012400219178082192
349553461,0.0,0.0,2231.5068493150684,7.438356164383561E-4
343370599,0.0,0.0,5570.178082191781,0.0018567260273972602
336552765,0.0,0.0,1116.3780821917808,3.7212602739726026E-4
336976527,0.0,0.0,1776.279452054794,5.920931506849315E-4
341663334,0.0,0.0,6578.8493150684935,8.223561643835617E-4
351175724,0.0,0.0,9680.30684931507,0.0012100383561643837
350393567,0.0,0.0,24290.19178082191,0.003036273972602739
573673480,0.0,0.0,1820.7123287671234,6.069041095890411E-4
336723200,0.0,0.0,267.87945205479457,3.3484931506849316E-5
340801299,0.0,0.0,629.0342465753424,1.1436986301369863E-4
341829380,0.0,0.0,0.0,0.0
342077690,0.0,0.0,2495.975342465753,8.319917808219178E-4
342532447,0.0,0.0,13497.336986301369,0.0016871671232876711
343223699,0.0,0.0,6019.002739726027,7.523753424657535E-4
343635504,0.0,0.0,1079.3424657534247,1.349178082191781E-4
351558713,0.0,0.0,0.0,0.0
346872732,0.0,0.0,20372.05479452055,0.0011317808219178083
336826805,0.0,0.0,0.0,0.0
337088355,0.0,0.0,2808.269589041096,4.1298082191780825E-4
337862114,0.0,0.0,13325.819178082189,0.004441939726027397
337913883,0.0,0.0,2067.594520547945,2.5844931506849316E-4
341125490,0.0,0.0,317.5890410958905,1.0586301369863015E-4
341921542,0.0,0.0,2739.9013698630133,3.4248767123287667E-4
342326204,0.0,0.0,1595.867709176514,1.97841095890411E-4
343054953,0.0,0.0,0.0,0.0
343098729,0.0,0.0,2880.1315068493154,3.600164383561644E-4
343177481,0.0,0.0,3196.8884133698634,6.167671232876712E-4
342493285,0.0,0.0,111.46301369863014,3.1846575342465754E-5
345913172,0.0,0.0,108.4931506849316,2.16986301369863E-4
345433833,0.0,0.0,824.5479452054794,1.0306849315068493E-4
346538796,0.0,0.0,812.0876712328767,2.7069589041095894E-4
574609715,0.0,0.0,3200.2191780821913,4.0002739726027395E-4
574036794,0.0,0.0,10536.438356164383,0.0013170547945205479
600522676,0.0,0.0,0.0,0.0
600540785,0.0,0.0,0.0,0.0
602597866,0.0,0.0,0.0,0.0
350257606,0.0,0.0,32237.238356164384,0.004029654794520548
350977393,0.0,0.0,16621.720547945206,0.0020777150684931508
335795100,0.0,0.0,0.0,0.0
340536275,0.0,0.0,46.99178082191781,5.873972602739726E-6
335484606,0.0,0.0,1958.92602739726,2.448657534246575E-4
335532263,0.0,0.0,4606.196558904109,4.98290410958904E-4
342002821,0.0,0.0,853.8863013698632,1.5525205479452058E-4
338699283,0.0,0.0,5633.753424657535,7.042191780821919E-4
340732379,0.0,0.0,1074.082191780822,1.3426027397260275E-4
341313112,0.0,0.0,470.83561643835617,1.5694520547945205E-4
342599396,0.0,0.0,5138.827397260274,2.854904109589041E-4
345740906,0.0,0.0,8170.298630136986,0.0027234328767123286
345751622,0.0,0.0,520.7671232876712,1.735890410958904E-4
346179344,0.0,0.0,0.0,0.0
347058331,0.0,0.0,0.0,0.0
349686501,0.0,0.0,0.0,0.0
350497277,0.0,0.0,2379.6986301369852,0.004759397260273972
350767497,0.0,0.0,0.0,0.0
336616370,0.0,0.0,3576.087671232877,4.470109589041096E-4
336732011,0.0,0.0,2213.2602739726026,7.377534246575341E-4
351334636,0.0,0.0,2388.493150684931,2.985616438356164E-4
337201685,0.0,0.0,2344.7232876712324,2.930904109589041E-4
601549983,0.0,0.0,0.0,0.0
603219940,0.0,0.0,0.0,0.0
338779036,0.0,0.0,185.81917808219174,6.193972602739725E-5
338975006,0.0,0.0,252.986301369863,8.432876712328767E-5
340651629,0.0,0.0,1549.8164383561643,5.166054794520548E-4
340779453,0.0,0.0,3872.745205479452,4.840931506849315E-4
341835130,0.0,0.0,50896.20821917809,0.0028275671232876713
335476743,0.0,0.0,984.904109589041,3.2830136986301367E-4
337926554,0.0,0.0,1312.1260273972603,4.373753424657534E-4
338782089,0.0,0.0,1058.4246575342463,3.528082191780822E-4
339142796,0.0,0.0,3808.109589041096,6.923835616438356E-4
345946669,0.0,0.0,1905.819178082192,2.3822739726027397E-4
347674863,0.0,0.0,18331.002739726027,0.0022913753424657532
343482980,0.0,0.0,6726.750684931508,8.408438356164384E-4
338345341,0.0,0.0,1894.3561643835615,2.367945205479452E-4
345330690,0.0,0.0,0.0,0.0
348544065,0.0,0.0,3395.342465753425,0.0011317808219178083
345003032,0.0,0.0,497.0958904109589,1.656986301369863E-4
573331477,0.0,0.0,0.0,0.0
323752170,0.0,0.0,988.086301369863,1.7965205479452054E-4
336197116,0.0,0.0,0.0,0.0
338628761,0.0,0.0,1615.5616438356167,5.385205479452055E-4
339318867,0.0,0.0,2798.013698630137,9.326712328767124E-4
341771194,0.0,0.0,1208.3424657534247,4.027808219178082E-4
349777060,0.0,0.0,1194.345205479452,3.981150684931507E-4
574854865,0.0,0.0,4615.890410958904,5.76986301369863E-4
602489775,0.0,0.0,52.97832608869014,2.157808219178082E-5
603914946,0.0,0.0,0.0,0.0
336691043,0.0,0.0,3402.345205479452,8.50586301369863E-4
337720213,0.0,0.0,0.0,0.0
337919591,0.0,0.0,2680.6520547945206,8.935506849315068E-4
341172856,0.0,0.0,5975.034246575343,0.0010863698630136987
341632610,0.0,0.0,3846.4,4.808E-4
342216256,0.0,0.0,0.0,0.0
343030672,0.0,0.0,8718.90410958904,4.843835616438356E-4
345745111,0.0,0.0,0.0,0.0
345873228,0.0,0.0,0.0,0.0
345883110,0.0,0.0,261734.79452054796,0.005452808219178083
346445521,0.0,0.0,13227.090410958906,0.0016533863013698633
341708089,0.0,0.0,636.2136986301371,2.1207123287671234E-4
342110871,0.0,0.0,217.34794520547945,3.622465753424658E-5
343685277,0.0,0.0,3814.5205479452056,0.0012715068493150685
343787784,0.0,0.0,0.0,0.0
344269147,0.0,0.0,0.0,0.0
345176317,0.0,0.0,1189.4794520547944,6.608219178082192E-5
345180277,0.0,0.0,456.7068493150685,1.5223561643835617E-4
345217327,0.0,0.0,2555.687671232877,4.259479452054795E-4
347394868,0.0,0.0,0.0,0.0
347722167,0.0,0.0,17133.830136986304,0.0057112767123287675
344906458,0.0,0.0,453.81369863013697,1.5127123287671235E-4
345443287,0.0,0.0,1550.7287671232878,1.9384109589041097E-4
346036759,0.0,0.0,0.0,0.0
346288236,0.0,0.0,0.0,0.0
575107891,0.0,0.0,9557.260273972603,1.991095890410959E-4
574824587,0.0,0.0,248.36712328767123,8.278904109589041E-5
574876975,0.0,0.0,0.0,0.0
601130768,0.0,0.0,0.0,0.0
602011041,0.0,0.0,0.0,0.0
602302218,0.0,0.0,0.0,0.0
603767187,0.0,0.0,897.5342465753424,1.7950684931506848E-4
603789462,0.0,0.0,0.0,0.0
349553875,0.0,0.0,1277.8438356164384,4.259479452054795E-4
337009443,0.0,0.0,1874.7616438356165,6.249205479452054E-4
337591200,0.0,0.0,3008.8767123287676,3.761095890410959E-4
338712060,0.0,0.0,122506.5205479452,0.0025522191780821915
337772065,0.0,0.0,16604.383561643837,0.005534794520547946
339452062,0.0,0.0,1718.8931506849312,5.729643835616438E-4
342523164,0.0,0.0,3443.5726027397263,4.304465753424658E-4
342774874,0.0,0.0,2133.961643835616,7.113205479452055E-4
344682893,0.0,0.0,1149.3698630136985,1.4367123287671233E-4
335909636,0.0,0.0,0.0,0.0
336169065,0.0,0.0,18710.457534246576,0.006236819178082192
337634505,0.0,0.0,1536.986301369863,1.9212328767123288E-4
602637431,0.0,0.0,0.0,0.0
603310954,0.0,0.0,0.0,0.0
335787909,0.0,0.0,1164.387671232877,2.117068493150685E-4
340817766,0.0,0.0,1650.567018082192,5.231342465753425E-4
341332096,0.0,0.0,7004.186301369863,0.0023347287671232875
341599264,0.0,0.0,9405.238356164384,0.0011756547945205478
341805166,0.0,0.0,0.0,0.0
335798138,0.0,0.0,1908.3287671232874,1.467945205479452E-4
338650914,0.0,0.0,1438.5863013698627,4.7952876712328764E-4
340253657,0.0,0.0,15665.687671232876,0.0019582109589041095
340410893,0.0,0.0,2685.2054794520545,8.950684931506848E-4
340684828,0.0,0.0,1169.309589041096,3.8976986301369863E-4
341033876,0.0,0.0,14498.926027397261,8.05495890410959E-4
341549343,0.0,0.0,2045.0465753424658,6.816821917808219E-4
341638443,0.0,0.0,6462.246575342465,8.077808219178081E-4
342921525,0.0,0.0,13709.063013698633,0.001713632876712329
336527361,0.0,0.0,7917.32602739726,4.948328767123288E-4
342428216,0.0,0.0,77.0794520547945,2.5693150684931505E-5
340249747,0.0,0.0,809.5068493150685,2.698356164383562E-4
340716125,0.0,0.0,4179.945205479452,0.0013933150684931506
341735397,0.0,0.0,6182.301369863015,0.001124054794520548
343888178,0.0,0.0,18.404383561643833,1.533698630136986E-5
345103733,0.0,0.0,2846.2191780821922,9.487397260273974E-4
345882914,0.0,0.0,149.2931506849315,4.976438356164384E-5
347113847,0.0,0.0,3374.3835616438364,0.0011247945205479454
350007803,0.0,0.0,8377.775342465753,0.001047221917808219
573966272,0.0,0.0,430.3561643835617,7.824657534246576E-5
574144895,0.0,0.0,0.0,0.0
603473315,0.0,0.0,0.0,0.0
336129408,0.0,0.0,543.4520547945206,1.8115068493150687E-4
337009088,0.0,0.0,7259.863013698629,0.001451972602739726
337040406,0.0,0.0,883.7424657534247,2.9458082191780824E-4
337781074,0.0,0.0,5268.501369863014,0.0017561671232876714
339197238,0.0,0.0,281.2328767123288,5.624657534246576E-4
340591866,0.0,0.0,2095.890410958904,2.61986301369863E-4
340946136,0.0,0.0,28210.49863013699,0.0035263123287671235
341095230,0.0,0.0,397.8082191780822,4.9726027397260274E-5
347146292,0.0,0.0,13961.928767123289,0.001745241095890411
348079278,0.0,0.0,927.6164383561643,3.092054794520548E-4
348121617,0.0,0.0,920.5479452054792,1.1506849315068492E-4
349058198,0.0,0.0,2812.7342465753427,9.375780821917809E-4
350078259,0.0,0.0,1472.7945205479452,4.90931506849315E-4
351177803,0.0,0.0,22606.98904109589,0.004110361643835617
574575767,0.0,0.0,14125.068493150684,7.847260273972603E-4
574771374,0.0,0.0,0.0,0.0
335765129,0.0,0.0,273.6986301369863,9.123287671232876E-5
337086581,0.0,0.0,790.3561643835616,9.879452054794519E-5
337970479,0.0,0.0,1799.3753424657532,5.997917808219178E-4
339229817,0.0,0.0,7567.42191780822,0.00252247397260274
340566330,0.0,0.0,9154.356164383562,5.085753424657534E-4
343210811,0.0,0.0,2338.076712328767,7.79358904109589E-4
344997879,0.0,0.0,10232.704109589042,0.0034109013698630135
343439824,0.0,0.0,0.0,0.0
346308695,0.0,0.0,13046.301369863015,0.004348767123287672
346434376,0.0,0.0,18058.936986301367,0.002257367123287671
346471451,0.0,0.0,0.0,0.0
350272753,0.0,0.0,5803.4849315068495,4.464219178082192E-4
344237698,0.0,0.0,0.0,0.0
344405394,0.0,0.0,0.0,0.0
344521976,0.0,0.0,0.0,0.0
323590075,0.0,0.0,796.4383561643833,2.654794520547945E-4
345424725,0.0,0.0,322.59178082191784,6.451835616438356E-4
346220767,0.0,0.0,31559.408219178084,0.010519802739726027
533195954,0.0,0.0,358.027397260274,1.1934246575342465E-4
601103286,0.0,0.0,0.0,0.0
602452310,0.0,0.0,0.0,0.0
572994119,0.0,0.0,0.0,0.0
574198586,0.0,0.0,21361.315068493153,0.0016431780821917809
574798914,0.0,0.0,111.85310305115081,4.492520547945206E-4
336325287,0.0,0.0,4475.342465753424,0.0014917808219178082
337324834,0.0,0.0,0.0,0.0
337814172,0.0,0.0,1775.958904109589,5.919863013698631E-4
337958326,0.0,0.0,2212.9972602739726,2.7662465753424656E-4
338427545,0.0,0.0,17112.986301369863,0.0013163835616438356
325536142,0.0,0.0,14777.991780821916,0.004925997260273972
335532263,0.0,0.0,4109.857073972602,4.4459726027397254E-4
337593701,0.0,0.0,1936.947945205479,6.456493150684931E-4
339195422,0.0,0.0,8802.816438356165,6.771397260273973E-4
341080828,0.0,0.0,827.8767123287672,2.7595890410958904E-4
342633831,0.0,0.0,3857.901369863014,0.0012859671232876714
342617131,0.0,0.0,6393.2,0.0011624
345818173,0.0,0.0,45.676712328767124,5.70958904109589E-6
335764239,0.0,0.0,1425.205479452055,1.7815068493150688E-4
336158027,0.0,0.0,11369.671232876713,0.0022739342465753426
351785431,0.0,0.0,9589.654794520548,0.0011987068493150685
601685662,0.0,0.0,1759.1671232876724,0.0017591671232876712
339070294,0.0,0.0,7397.843835616439,0.0024659479452054794
340853688,0.0,0.0,6039.657534246576,4.645890410958904E-4
342097524,0.0,0.0,10478.88493150685,0.002993967123287671
335901021,0.0,0.0,0.0,0.0
338363609,0.0,0.0,3853.435616438356,4.816794520547946E-4
345221683,0.0,0.0,595.0684931506848,7.43835616438356E-5
338853310,0.0,0.0,4347.6164383561645,5.434520547945205E-4
339211153,0.0,0.0,406.8602739726027,5.085753424657534E-5
341041267,0.0,0.0,12109.589041095891,0.0015136986301369864
342398021,0.0,0.0,818.8493150684932,1.0235616438356165E-4
343167946,0.0,0.0,0.0,0.0
339541021,0.0,0.0,2999.6054794520546,3.7495068493150684E-4
340931286,0.0,0.0,2934.246575342466,3.667808219178082E-4
341096642,0.0,0.0,0.0,0.0
337424402,0.0,0.0,964.1589041095891,3.2138630136986304E-4
341482347,0.0,0.0,54.1972602739726,1.8065753424657536E-5
349553461,0.0,0.0,1986.4109589041093,6.621369863013698E-4
344231394,0.0,0.0,1540.339726027397,5.134465753424657E-4
574663944,0.0,0.0,168.34520547945203,5.6115068493150686E-5
602108839,0.0,0.0,0.0,0.0
604049296,0.0,0.0,0.0,0.0
336660014,0.0,0.0,0.0,0.0
338639479,0.0,0.0,2831.9561643835614,3.539945205479452E-4
338688153,0.0,0.0,2654.7945205479455,3.3184931506849316E-4
339043762,0.0,0.0,9185.687671232878,0.0011482109589041095
339433575,0.0,0.0,3779.1780821917805,4.7239726027397256E-4
339604753,0.0,0.0,73.64383561643837,9.205479452054795E-6
340830322,0.0,0.0,1631.0794520547945,2.0388493150684932E-4
341172336,0.0,0.0,1976.2849315068493,6.587616438356164E-4
342632882,0.0,0.0,7042.19178082192,8.802739726027399E-4
602671851,0.0,0.0,0.0,0.0
337683460,0.0,0.0,0.0,0.0
338458342,0.0,0.0,1538.06301369863,5.126876712328766E-4
338779028,0.0,0.0,11420.054794520547,0.0014275068493150684
339169104,0.0,0.0,291.71506849315074,9.723835616438357E-5
340238450,0.0,0.0,5435.260273972603,0.0018117534246575343
342196995,0.0,0.0,1050.515068493151,1.910027397260274E-4
342199759,0.0,0.0,0.0,0.0
341644524,0.0,0.0,1517.695890410959,5.058986301369863E-4
341816163,0.0,0.0,1733.4246575342468,5.778082191780822E-4
341934537,0.0,0.0,0.0,0.0
342135118,0.0,0.0,2961.731506849315,3.702164383561644E-4
342545712,0.0,0.0,5808.049315068493,0.0019360164383561646
344513445,0.0,0.0,750.8178082191781,1.365123287671233E-4
345839369,0.0,0.0,7979.424657534248,7.599452054794521E-4
345907745,0.0,0.0,0.0,0.0
346539000,0.0,0.0,5350.224657534246,6.687780821917808E-4
347704280,0.0,0.0,18976.438356164384,0.002372054794520548
349446807,0.0,0.0,0.0,0.0
351588561,0.0,0.0,56.34162147657548,3.341397260273973E-4
346046626,0.0,0.0,130.12602739726026,4.337534246575342E-5
346221070,0.0,0.0,582.7308219178085,0.0011654616438356166
574465274,0.0,0.0,99.4767123287671,3.315890410958904E-5
603400326,0.0,0.0,0.0,0.0
573968534,0.0,0.0,9417.534246575344,0.001177191780821918
574079455,0.0,0.0,47.14520547945206,1.5715068493150683E-5
337610067,0.0,0.0,5223.8027397260275,6.529753424657534E-4
338059843,0.0,0.0,789.731506849315,2.632438356164384E-4
338196611,0.0,0.0,224.8767123287671,2.810958904109589E-5
338326523,0.0,0.0,1318.9150684931506,4.3963835616438353E-4
340254143,0.0,0.0,3198.2465753424653,3.997808219178082E-4
340636745,0.0,0.0,1372.4383561643835,4.5747945205479453E-4
341734788,0.0,0.0,397.47945205479454,1.324931506849315E-4
341786093,0.0,0.0,117540.55890410958,0.002448761643835616
335713707,0.0,0.0,283.43835616438355,9.447945205479452E-5
337922348,0.0,0.0,1372.8821917808223,4.57627397260274E-4
339538498,0.0,0.0,1328.235616438356,4.4274520547945206E-4
341887388,0.0,0.0,1082.7835616438356,1.3534794520547947E-4
342819968,0.0,0.0,35.704109589041096,1.1901369863013699E-5
344300819,0.0,0.0,2980.158904109589,9.93386301369863E-4
345068167,0.0,0.0,0.0,0.0
348281452,0.0,0.0,18683.813698630132,0.0023354767123287667
349309070,0.0,0.0,3839.6054794520546,4.7995068493150684E-4
335724647,0.0,0.0,276.6246575342466,9.220821917808219E-5
335798708,0.0,0.0,1165.2164383561644,3.8840547945205475E-4
337121263,0.0,0.0,5912.394520547945,7.390493150684931E-4
337506323,0.0,0.0,5247.123287671233,6.558904109589041E-4
603663626,0.0,0.0,0.0,0.0
335722302,0.0,0.0,309.69863013698625,1.0323287671232877E-4
336872494,0.0,0.0,0.0,0.0
340933845,0.0,0.0,383.83561643835617,1.2794520547945205E-4
340992403,0.0,0.0,8035.287671232877,0.0010044109589041096
342553872,0.0,0.0,327.945205479452,1.0931506849315068E-4
336313242,0.0,0.0,0.0,0.0
342140803,0.0,0.0,0.0,0.0
340823079,0.0,0.0,906.2794520547944,1.132849315068493E-4
338214471,0.0,0.0,3661.7424657534248,4.577178082191781E-4
345103733,0.0,0.0,390.6575342465753,1.3021917808219178E-4
574619516,0.0,0.0,229.08493150684933,7.636164383561644E-5
600530547,0.0,0.0,0.0,0.0
602613598,0.0,0.0,0.0,0.0
603809617,0.0,0.0,2499.682191780821,0.0024996821917808217
335528451,0.0,0.0,12452.821917808218,0.0015566027397260274
338538143,0.0,0.0,4119.967123287672,3.1692054794520553E-4
341787133,0.0,0.0,213.69863013698625,4.2739726027397255E-4
342015195,0.0,0.0,685.2383561643835,8.565479452054795E-5
342538576,0.0,0.0,384.2465753424658,6.986301369863014E-5
343549242,0.0,0.0,3524.383561643835,4.4054794520547943E-4
344197447,0.0,0.0,31553.96712328767,9.561808219178083E-4
346872658,0.0,0.0,199.89041095890408,2.4986301369863012E-5
348282807,0.0,0.0,0.0,0.0
574972840,0.0,0.0,4323.243835616439,5.404054794520549E-4
337453278,0.0,0.0,2945.408219178082,9.818027397260273E-4
337484562,0.0,0.0,2114.6301369863013,2.6432876712328767E-4
340095215,0.0,0.0,0.0,0.0
340118579,0.0,0.0,24568.50410958904,0.008189501369863014
341213882,0.0,0.0,6370.191780821918,7.962739726027398E-4
341230563,0.0,0.0,8407.495890410959,0.00105093698630137
343598637,0.0,0.0,3714.6739726027395,4.6433424657534245E-4
346472756,0.0,0.0,0.0,0.0
347555732,0.0,0.0,0.0,0.0
349119396,0.0,0.0,445.24931506849316,1.484164383561644E-4
345176044,0.0,0.0,18091.835616438355,0.0022614794520547945
346462948,0.0,0.0,0.0,0.0
574701538,0.0,0.0,140.97534246575344,4.699178082191781E-5
602938789,0.0,0.0,0.0,0.0
603599267,0.0,0.0,0.0,0.0
348881822,0.0,0.0,0.0,0.0
351461280,0.0,0.0,10266.509589041094,5.703616438356164E-4
336126636,0.0,0.0,4433.013698630137,0.0014776712328767121
337770382,0.0,0.0,7967.736986301369,0.002655912328767123
337938476,0.0,0.0,134.91780821917806,4.4972602739726025E-5
340419050,0.0,0.0,502.2739726027397,5.022739726027397E-4
340730175,0.0,0.0,1864.6027397260268,6.215342465753424E-4
340791946,0.0,0.0,525.6986301369864,1.7523287671232876E-4
340867423,0.0,0.0,7990.356164383561,9.987945205479451E-4
340886332,0.0,0.0,5502.597260273973,6.878246575342466E-4
341350056,0.0,0.0,2508.2136986301366,8.360712328767122E-4
341646875,0.0,0.0,2713.512328767123,3.391890410958904E-4
336125455,0.0,0.0,21.413698630136984,2.6767123287671234E-6
336128236,0.0,0.0,1917.7397260273974,6.392465753424658E-4
337053664,0.0,0.0,0.0,0.0
337256655,0.0,0.0,1401.8630136986299,3.504657534246575E-4
337901805,0.0,0.0,3098.564383561644,0.0010328547945205478
337912554,0.0,0.0,2278.684931506849,7.595616438356164E-4
339041725,0.0,0.0,1150.358904109589,1.0457808219178082E-4
339863391,0.0,0.0,19105.797260273972,0.0023882246575342467
340545300,0.0,0.0,721.2,2.404E-4
340713783,0.0,0.0,260.43835616438355,5.208767123287671E-4
341261253,0.0,0.0,3074.8767123287666,0.001024958904109589
341687994,0.0,0.0,8002.750684931507,0.0026675835616438355
344711577,0.0,0.0,1919.358904109589,6.39786301369863E-4
344931449,0.0,0.0,59.64109589041095,1.0843835616438355E-5
345318976,0.0,0.0,54.33698630136985,9.879452054794519E-6
345834907,0.0,0.0,1798.0602739726025,5.993534246575342E-4
345895304,0.0,0.0,15714.235616438356,0.0019642794520547944
345903462,0.0,0.0,4847.517808219179,6.059397260273973E-4
336175377,0.0,0.0,2044.1424657534249,6.813808219178083E-4
336202858,0.0,0.0,5278.117808219178,0.0017593726027397261
602469033,0.0,0.0,0.0,0.0
335915096,0.0,0.0,0.0,0.0
335920054,0.0,0.0,0.0,0.0
336160833,0.0,0.0,0.0,0.0
325472629,0.0,0.0,18.33424657534247,2.619178082191781E-6
338198054,0.0,0.0,13833.208219178083,0.002515128767123288
338744287,0.0,0.0,612.8876712328768,2.0429589041095892E-4
335632899,0.0,0.0,607.8082191780823,2.0260273972602742E-4
343136560,0.0,0.0,7958.136986301371,6.121643835616438E-4
336624051,0.0,0.0,3323.024657534246,4.1537808219178077E-4
337460703,0.0,0.0,1218.1315068493154,4.0604383561643843E-4
342198843,0.0,0.0,4879.561643835616,6.09945205479452E-4
342529666,0.0,0.0,15931.676712328765,0.005310558904109588
340712363,0.0,0.0,1092.558904109589,3.64186301369863E-4
343157053,0.0,0.0,0.0,0.0
337548689,0.0,0.0,824.0301369863014,2.7467671232876716E-4
348508136,0.0,0.0,0.0,0.0
349075770,0.0,0.0,39.78082191780821,4.972602739726027E-6
572994259,0.0,0.0,0.0,0.0
601772205,0.0,0.0,0.0,0.0
602517559,0.0,0.0,0.0,0.0
336492459,0.0,0.0,3480.8712328767124,0.001160290410958904
337025985,0.0,0.0,6259.726027397261,7.824657534246576E-4
337752349,0.0,0.0,37121.67123287672,0.0020623150684931507
338667991,0.0,0.0,3280.832876712329,0.0010936109589041096
343031084,0.0,0.0,0.0,0.0
344564745,0.0,0.0,0.0,0.0
347138307,0.0,0.0,11316.180821917807,0.0037720602739726027
575146279,0.0,0.0,1978.9150684931508,6.596383561643835E-4
602020794,0.0,0.0,0.0,0.0
602203879,0.0,0.0,0.0,0.0
335298485,0.0,0.0,7056.394520547944,0.0023521315068493146
335717377,0.0,0.0,57.63698630136986,1.047945205479452E-5
335750774,0.0,0.0,1620.8219178082195,2.0260273972602742E-4
338553225,0.0,0.0,1990.5780821917808,6.635260273972602E-4
339762403,0.0,0.0,3387.616438356165,4.234520547945206E-4
340236835,0.0,0.0,1393.3150684931506,6.966575342465753E-4
341235752,0.0,0.0,178.01917808219173,5.9339726027397255E-5
342196995,0.0,0.0,3933.7808219178078,7.152328767123287E-4
342468055,0.0,0.0,0.0,0.0
342827789,0.0,0.0,3995.305479452055,7.264191780821917E-4
342902012,0.0,0.0,596.7123287671232,7.45890410958904E-5
344727755,0.0,0.0,0.0,0.0
345914535,0.0,0.0,2739.9013698630133,3.4248767123287667E-4
343612024,0.0,0.0,34934.79452054794,0.001518904109589041
345943583,0.0,0.0,0.0,0.0
351884184,0.0,0.0,10825.98904109589,0.0019683616438356164
346026891,0.0,0.0,88.2821917808219,1.7656438356164386E-4
574355830,0.0,0.0,0.0,0.0
602694200,0.0,0.0,0.0,0.0
573956885,0.0,0.0,26.038356164383558,8.67945205479452E-6
601805211,0.0,0.0,0.0,0.0
602478596,0.0,0.0,0.0,0.0
349778134,0.0,0.0,0.0,0.0
336092119,0.0,0.0,3903.7808219178078,0.0013012602739726027
338739931,0.0,0.0,1448.876712328767,4.8295890410958903E-4
339506339,0.0,0.0,863.1986301369864,1.5694520547945205E-4
341277721,0.0,0.0,329.23561643835615,1.0974520547945206E-4
336418413,0.0,0.0,0.0,0.0
337204549,0.0,0.0,2559.73698630137,3.1996712328767124E-4
340773332,0.0,0.0,4375.890410958904,7.956164383561644E-4
341261253,0.0,0.0,1180.6684931506848,3.9355616438356165E-4
342492857,0.0,0.0,2648.7945205479455,2.0375342465753425E-4
344313697,0.0,0.0,0.0,0.0
344503537,0.0,0.0,4972.684931506848,0.0016575616438356162
344829809,0.0,0.0,6008.89315068493,0.0010541917808219177
347733180,0.0,0.0,0.0,0.0
348070566,0.0,0.0,2149.6602739726027,7.165534246575342E-4
335762613,0.0,0.0,6752.394520547945,8.440493150684931E-4
336097803,0.0,0.0,716.054794520548,2.386849315068493E-4
350780979,0.0,0.0,1047.671232876712,1.3095890410958904E-4
337252274,0.0,0.0,4267.441095890411,5.334301369863014E-4
601534241,0.0,0.0,0.0,0.0
601666340,0.0,0.0,0.0,0.0
603792540,0.0,0.0,0.0,0.0
336458112,0.0,0.0,689.0794520547945,2.2969315068493152E-4
336976527,0.0,0.0,608.0712328767123,2.026904109589041E-4
337113260,0.0,0.0,3090.0821917808216,0.001030027397260274
341124923,0.0,0.0,108.92465753424659,9.369863013698629E-5
341585107,0.0,0.0,21.413698630136984,2.6767123287671234E-6
336299839,0.0,0.0,0.0,0.0
336457049,0.0,0.0,0.0,0.0
336779657,0.0,0.0,2143.7342465753427,3.8976986301369863E-4
344814306,0.0,0.0,2487.1232876712334,3.1089041095890414E-4
345184964,0.0,0.0,0.0,0.0
338378821,0.0,0.0,5056.394520547945,6.320493150684932E-4
339163958,0.0,0.0,22300.273972602743,0.007433424657534248
339769259,0.0,0.0,62.482191780821914,2.082739726027397E-5
348113606,0.0,0.0,2387.219178082192,7.957397260273972E-4
345822233,0.0,0.0,0.0,0.0
344684709,0.0,0.0,3800.54794520548,4.75068493150685E-4
346787807,0.0,0.0,0.0,0.0
601037591,0.0,0.0,0.0,0.0
601673270,0.0,0.0,0.0,0.0
336678735,0.0,0.0,0.0,0.0
336789052,0.0,0.0,3594.2136986301366,4.492767123287671E-4
337583041,0.0,0.0,5562.8876712328765,0.0018542958904109589
339016040,0.0,0.0,0.0,0.0
339039190,0.0,0.0,564.164383561644,1.8805479452054796E-4
340637263,0.0,0.0,1096.2410958904106,1.3703013698630135E-4
340860352,0.0,0.0,14597.260273972603,0.004865753424657534
345824056,0.0,0.0,410.3013698630137,5.128767123287671E-5
348314089,0.0,0.0,6421.479452054795,8.026849315068493E-4
348416785,0.0,0.0,726.4191780821916,2.4213972602739724E-4
347330854,0.0,0.0,0.0,0.0
335941613,0.0,0.0,0.0,0.0
339301509,0.0,0.0,2537.5561643835617,8.458520547945205E-4
339498776,0.0,0.0,4643.243835616439,5.804054794520549E-4
340031822,0.0,0.0,729.2054794520546,2.430684931506849E-4
341922185,0.0,0.0,1422.6410958904107,7.903561643835615E-5
342182151,0.0,0.0,4227.632876712329,0.0014092109589041097
342243185,0.0,0.0,10137.6,0.0012672
343124947,0.0,0.0,7011.375342465752,8.764219178082191E-4
343485801,0.0,0.0,5352.308219178081,0.0017841027397260275
345078398,0.0,0.0,1458.454794520548,1.823068493150685E-4
345078398,0.0,0.0,7351.232876712328,9.189041095890411E-4
350010401,0.0,0.0,0.0,0.0
345733059,0.0,0.0,117.77534246575343,2.1413698630136987E-5
346932395,0.0,0.0,0.0,0.0
347105223,0.0,0.0,8027.58904109589,0.00267586301369863
601822356,0.0,0.0,0.0,0.0
601073042,0.0,0.0,0.0,0.0
337522155,0.0,0.0,20210.016438356168,7.217863013698631E-4
338611775,0.0,0.0,2628.4602739726024,8.761534246575342E-4
339113037,0.0,0.0,534.2465753424656,5.342465753424657E-4
340006949,0.0,0.0,8302.191780821919,0.002767397260273973
340929678,0.0,0.0,2123.73698630137,7.079123287671233E-4
341184042,0.0,0.0,5655.232876712329,7.069041095890411E-4
339179822,0.0,0.0,1428.690410958904,4.762301369863014E-4
342459542,0.0,0.0,721.4794520547944,2.4049315068493148E-4
342200706,0.0,0.0,4854.172602739726,0.0016180575342465754
343465373,0.0,0.0,0.0,0.0
343797551,0.0,0.0,0.0,0.0
344549431,0.0,0.0,9971.068493150686,0.0012463835616438356
325480606,0.0,0.0,9203.660273972602,0.0011504575342465753
343077087,0.0,0.0,0.0,0.0
336198718,0.0,0.0,3642.7808219178078,0.0012142602739726026
335631669,0.0,0.0,0.0,0.0
338795347,0.0,0.0,3574.7506849315064,0.0011915835616438356
341634228,0.0,0.0,58166.43287671234,0.0020773726027397263
336901681,0.0,0.0,0.0,0.0
338362429,0.0,0.0,0.0,0.0
342326592,0.0,0.0,0.0,0.0
340404482,0.0,0.0,0.0,0.0
339413270,0.0,0.0,0.0,0.0
339819856,0.0,0.0,3293.150684931506,4.116438356164383E-4
342266368,0.0,0.0,3699.616438356164,4.6245205479452056E-4
350677571,0.0,0.0,1220.3397260273973,1.5254246575342466E-4
345854921,0.0,0.0,2825.5232876712325,9.41841095890411E-4
347682924,0.0,0.0,0.0,0.0
574133690,0.0,0.0,8640.394520547943,0.001080049315068493
602808172,0.0,0.0,0.0,0.0
335723797,0.0,0.0,9978.739726027397,0.0012473424657534246
337048896,0.0,0.0,8835.156164383561,0.001104394520547945
337964472,0.0,0.0,2248.4383561643835,2.810547945205479E-4
342191780,0.0,0.0,0.0,0.0
343785259,0.0,0.0,0.0,0.0
337577399,0.0,0.0,1673.523287671233,5.57841095890411E-4
339229817,0.0,0.0,3561.7972602739733,0.0011872657534246576
339579658,0.0,0.0,24.78082191780822,8.26027397260274E-6
339614422,0.0,0.0,3780.0767123287674,4.7250958904109593E-4
339736282,0.0,0.0,0.0,0.0
341072155,0.0,0.0,4394.465753424657,0.001464821917808219
342179660,0.0,0.0,3349.9972602739726,0.0011166657534246575
342469665,0.0,0.0,0.0,0.0
343030672,0.0,0.0,4156.471232876713,2.3091506849315068E-4
341185734,0.0,0.0,3687.802739726028,4.609753424657535E-4
342072147,0.0,0.0,0.0,0.0
342265741,0.0,0.0,2323.72602739726,2.904657534246575E-4
342852415,0.0,0.0,12774.224657534245,0.0015967780821917806
349383521,0.0,0.0,4818.893150684931,6.023616438356164E-4
350487328,0.0,0.0,0.0,0.0
345621825,0.0,0.0,6627.945205479451,8.284931506849315E-4
574385969,0.0,0.0,0.0,0.0
574669545,0.0,0.0,2262.3945205479454,7.54131506849315E-4
601410319,0.0,0.0,0.0,0.0
602701534,0.0,0.0,0.0,0.0
573481207,0.0,0.0,262.3561643835616,6.55890410958904E-5
336846837,0.0,0.0,562.3890410958903,1.874630136986301E-4
339974917,0.0,0.0,8728.175342465755,0.002909391780821918
340188366,0.0,0.0,4339.287671232876,5.424109589041096E-4
337495741,0.0,0.0,1528.150684931507,5.093835616438357E-4
340028117,0.0,0.0,1325.5890410958905,1.656986301369863E-4
340196088,0.0,0.0,107.47397260273972,3.070684931506849E-5
341264950,0.0,0.0,548.1205479452053,6.851506849315068E-5
341699528,0.0,0.0,41116.41643835617,0.010279104109589042
343043782,0.0,0.0,702.1232876712328,2.3404109589041097E-4
345181515,0.0,0.0,3938.301369863014,0.0013127671232876714
342933587,0.0,0.0,1104.8054794520547,3.682684931506849E-4
335806204,0.0,0.0,18733.150684931512,0.0034060273972602744
337026413,0.0,0.0,13278.6301369863,0.00265572602739726
336951306,0.0,0.0,0.0,0.0
339290801,0.0,0.0,0.0,0.0
339477168,0.0,0.0,4155.978082191781,0.0013853260273972603
336474085,0.0,0.0,42.72621159619021,4.5912328767123284E-5
343494837,0.0,0.0,0.0,0.0
336843032,0.0,0.0,0.0,0.0
337190383,0.0,0.0,3398.5315068493146,4.2481643835616436E-4
339894933,0.0,0.0,0.0,0.0
342329323,0.0,0.0,33106.734246575346,0.011035578082191782
342814985,0.0,0.0,91.35342465753425,1.141917808219178E-5
343122552,0.0,0.0,145.65205479452055,4.8550684931506844E-5
343173571,0.0,0.0,1300.5246575342462,0.0026010493150684932
337785299,0.0,0.0,2017.3150684931509,2.5216438356164385E-4
340695998,0.0,0.0,293.4246575342466,9.78082191780822E-5
341192516,0.0,0.0,1527.2328767123288,1.1747945205479452E-4
345871388,0.0,0.0,0.0,0.0
346779671,0.0,0.0,44.05479452054795,5.506849315068493E-6
346861487,0.0,0.0,0.0,0.0
574404448,0.0,0.0,66.81827945205487,4.261369863013698E-4
346399173,0.0,0.0,7424.7013698630135,9.280876712328768E-4
601314107,0.0,0.0,0.0,0.0
602264640,0.0,0.0,0.0,0.0
602702003,0.0,0.0,0.0,0.0
602896771,0.0,0.0,0.0,0.0
336703202,0.0,0.0,1760.5479452054794,5.868493150684932E-4
337082945,0.0,0.0,4315.616438356164,5.394520547945204E-4
337693162,0.0,0.0,0.0,0.0
339431322,0.0,0.0,1211.5068493150684,1.5143835616438354E-4
340876374,0.0,0.0,943.1506849315069,3.143835616438356E-4
342188265,0.0,0.0,1571.5068493150682,5.238356164383561E-4
343029138,0.0,0.0,2179.7260273972606,2.7246575342465757E-4
343172318,0.0,0.0,2741.034246575343,4.983698630136986E-4
344212774,0.0,0.0,5246.356164383562,6.557945205479453E-4
348433517,0.0,0.0,51.750684931506854,3.980821917808219E-6
600602585,0.0,0.0,0.0,0.0
603374596,0.0,0.0,0.0,0.0
347086407,0.0,0.0,1201.3413698630138,3.754191780821918E-4
335901617,0.0,0.0,522.2070867447383,6.825616438356165E-4
337317036,0.0,0.0,31843.68904109589,0.001553350684931507
338659030,0.0,0.0,1240.0219178082193,1.550027397260274E-4
340929876,0.0,0.0,720.7068493150686,2.402356164383562E-4
343166096,0.0,0.0,5602.301369863013,7.002876712328766E-4
342533114,0.0,0.0,4946.301369863015,6.182876712328768E-4
343198727,0.0,0.0,7026.7397260273965,8.783424657534246E-4
344715370,0.0,0.0,0.0,0.0
347798662,0.0,0.0,4110.904109589041,5.1386301369863E-4
574077384,0.0,0.0,31577.249315068493,0.003947156164383562
574333241,0.0,0.0,0.0,0.0
600950455,0.0,0.0,0.0,0.0
602102303,0.0,0.0,0.0,0.0
349679001,0.0,0.0,0.0,0.0
338434202,0.0,0.0,11573.704109589044,0.0014467130136986304
338494271,0.0,0.0,2014.5205479452054,6.715068493150685E-4
339742991,0.0,0.0,3265.884931506849,4.0823561643835615E-4
340072792,0.0,0.0,8336.342465753423,0.002778780821917808
325484723,0.0,0.0,5203.972602739725,2.8910958904109586E-4
337407944,0.0,0.0,0.0,0.0
337726186,0.0,0.0,348.1150684931507,1.1603835616438357E-4
338058738,0.0,0.0,497.3835616438356,1.657945205479452E-4
340593805,0.0,0.0,10254.597260273973,0.0012818246575342467
341940484,0.0,0.0,0.0,0.0
342854031,0.0,0.0,2509.380821917808,8.364602739726028E-4
323584508,0.0,0.0,2137.254794520548,3.885917808219178E-4
343120663,0.0,0.0,376.10958904109594,4.701369863013699E-5
335856571,0.0,0.0,1577.5123287671233,1.971890410958904E-4
336439815,0.0,0.0,0.0,0.0
337459358,0.0,0.0,27.945205479452056,3.4931506849315072E-6
603301029,0.0,0.0,0.0,0.0
337970206,0.0,0.0,4546.454794520549,0.0015154849315068494
340207752,0.0,0.0,0.0,0.0
341655868,0.0,0.0,268.39726027397256,8.946575342465753E-5
336814132,0.0,0.0,999.4931506849314,3.331643835616438E-4
344100276,0.0,0.0,217.5068493150685,4.3501369863013706E-5
337926554,0.0,0.0,1419.2383561643833,4.730794520547945E-4
338522832,0.0,0.0,2869.8739726027397,3.587342465753425E-4
345931190,0.0,0.0,0.0,0.0
340337690,0.0,0.0,1490.5205479452054,1.8631506849315068E-4
343514691,0.0,0.0,340.6684931506849,1.1355616438356165E-4
342789898,0.0,0.0,0.0,0.0
342967197,0.0,0.0,2740.602739726027,3.4257534246575337E-4
351196837,0.0,0.0,2777.4246575342463,3.471780821917808E-4
344589122,0.0,0.0,0.0,0.0
345314942,0.0,0.0,0.0,0.0
346384001,0.0,0.0,11819.835616438357,0.0014774794520547947
350493722,0.0,0.0,0.0,0.0
573053576,0.0,0.0,0.0,0.0
574133690,0.0,0.0,7071.123287671233,8.838904109589041E-4
